Songid,Libraries
1,Apple Lib1 Lib2
2,Apple Lib1 Lib2
3,Apple Lib1 Lib2
4,Apple Lib1
5,Apple Lib1
6,Apple Lib1
7,Apple Lib2
8,Apple Lib2
9,Apple Lib2
10,Apple Lib1
11,Apple Lib1
12,Apple Lib1
13,Apple Lib1
14,Apple Lib1
15,Apple Lib1
16,Apple Lib1
17,Apple Lib1
18,Apple Lib1
19,Apple Lib1
20,Apple Lib1
21,Apple Lib1
22,Apple Lib1
23,Apple Lib1
24,Apple Lib1
25,Apple Lib1
26,Apple Lib1
27,Apple Lib1
28,Apple Lib1
29,Apple Lib1
30,Apple Lib1
31,Apple Lib1
32,Apple Lib1
33,Apple Lib1
34,Apple Lib1
35,Apple Lib1
36,Apple Lib1
37,Apple Lib1
38,Apple Lib1
39,Apple Lib1
40,Apple Lib1
41,Apple Lib1
42,Apple Lib1
43,Apple Lib1
44,Apple Lib1
45,Apple Lib1
46,Apple Lib1
47,Apple Lib1
48,Apple Lib1
49,Apple Lib1
50,Apple Lib1
51,Apple Lib1
52,Apple Lib1
53,Apple Lib1
54,Apple Lib1
55,Apple Lib1
56,Apple Lib1
57,Apple Lib1
58,Apple Lib1
59,Apple Lib1
60,Apple Lib1
61,Apple Lib1
62,Apple Lib1
63,Apple Lib1
64,Apple Lib1
65,Apple Lib1
66,Apple Lib1
67,Apple Lib1
68,Apple Lib1
69,Apple Lib1
70,Apple Lib1
71,Apple Lib1
72,Apple Lib1
73,Apple Lib1
74,Apple Lib1
75,Apple Lib1
76,Apple Lib1
77,Apple Lib1
78,Apple Lib1
79,Apple Lib1
80,Apple Lib1
81,Apple Lib1
82,Apple Lib1
83,Apple Lib1
84,Apple Lib1
85,Apple Lib1
86,Apple Lib1
87,Apple Lib1
88,Apple Lib1
89,Apple Lib1
90,Apple Lib1
91,Apple Lib1
92,Apple Lib1
93,Apple Lib1
94,Apple Lib1
95,Apple Lib1
96,Apple Lib1
97,Apple Lib1
98,Apple Lib1
99,Apple Lib1
100,Apple Lib1
101,Lib3
102,Lib3
103,Lib3
104,Lib3
105,Lib3
106,Lib3
107,Lib3
108,Lib3
109,Lib3
110,Lib3
111,Lib3
112,Lib3
113,Lib3
114,Lib3
115,Lib3
116,Lib3
117,Lib3
118,Lib3
119,Lib3
120,Lib3
121,Lib3
122,Lib3
123,Lib3
124,Lib3
125,Lib3
126,Lib3
127,Lib3
128,Lib3
129,Lib3
130,Lib3
131,Lib3
132,Lib3
133,Lib3
134,Lib3
135,Lib3
136,Lib3
137,Lib3
138,Lib3
139,Lib3
140,Lib3
141,Lib3
142,Lib3
143,Lib3
144,Lib3
145,Lib3
146,Lib3
147,Lib3
148,Lib3
149,Lib3
150,Lib3
151,Lib3
152,Lib3
153,Lib3
154,Lib3
155,Lib3
156,Lib3
157,Lib3
158,Lib3
159,Lib3
160,Lib3
161,Lib3
162,Lib3
163,Lib3
164,Lib3
165,Lib3
166,Lib3
167,Lib3
168,Lib3
169,Lib3
170,Lib3
171,Lib3
172,Lib3
173,Lib3
174,Lib3
175,Lib3
176,Lib3
177,Lib3
178,Lib3
179,Lib3
180,Lib3
181,Lib3
182,Lib3
183,Lib3
184,Lib3
185,Lib3
186,Lib3
187,Lib3
188,Lib3
189,Lib3
190,Lib3
191,Lib3
192,Lib3
193,Lib3
194,Lib3
195,Lib3
196,Lib3
197,Lib3
198,Lib3
199,Lib3
200,Lib3
201,Lib4
202,Lib4
203,Lib4
204,Lib4
205,Lib4
206,Lib4
207,Lib4
208,Lib4
209,Lib4
210,Lib4
211,Lib4
212,Lib4
213,Lib4
214,Lib4
215,Lib4
216,Lib4
217,Lib4
218,Lib4
219,Lib4
220,Lib4
221,Lib4
222,Lib4
223,Lib4
224,Lib4
225,Lib4
226,Lib4
227,Lib4
228,Lib4
229,Lib4
230,Lib4
231,Lib4
232,Lib4
233,Lib4
234,Lib4
235,Lib4
236,Lib4
237,Lib4
238,Lib4
239,Lib4
240,Lib4
241,Lib4
242,Lib4
243,Lib4
244,Lib4
245,Lib4
246,Lib4
247,Lib4
248,Lib4
249,Lib4
250,Lib4
251,Lib4
252,Lib4
253,Lib4
254,Lib4
255,Lib4
256,Lib4
257,Lib4
258,Lib4
259,Lib4
260,Lib4
261,Lib4
262,Lib4
263,Lib4
264,Lib4
265,Lib4
266,Lib4
267,Lib4
268,Lib4
269,Lib4
270,Lib4
271,Lib4
272,Lib4
273,Lib4
274,Lib4
275,Lib4
276,Lib4
277,Lib4
278,Lib4
279,Lib4
280,Lib4
281,Lib4
282,Lib4
283,Lib4
284,Lib4
285,Lib4
286,Lib4
287,Lib4
288,Lib4
289,Lib4
290,Lib4
291,Lib4
292,Lib4
293,Lib4
294,Lib4
295,Lib4
296,Lib4
297,Lib4
298,Lib4
299,Lib4
300,Lib4
301,Lib4
302,Lib4
303,Lib4
304,Lib3
305,Lib3
306,Lib3
307,Lib4
308,Lib4
309,Lib4
310,Lib4
311,Lib4
312,Lib4
313,Lib4
314,Lib4
315,Lib4
316,Lib4
317,Lib4
318,Lib4
319,Lib4
320,Lib4
321,Lib4
322,Lib4
323,Lib4
324,Lib4
325,Lib4
326,Lib4
327,Lib4
328,Lib5
329,Lib5
330,Lib5
331,Lib5
332,Lib5
333,Lib5
334,Lib5
335,Lib5
336,Lib5
337,Lib5
338,Lib5
339,Lib5
340,Lib5
341,Lib5
342,Lib5
343,Lib5
344,Lib5
345,Lib5
346,Lib5
347,Lib5
348,Lib5
349,Lib5
350,Lib5
351,Lib5
352,Lib5
353,Lib5
354,Lib5
355,Lib5
356,Lib5
357,Lib5
358,Lib5
359,Lib5
360,Lib5
361,Lib5
362,Lib5
363,Lib5
364,Lib5
365,Lib5
366,Lib5
367,Lib5
368,Lib5
369,Lib5
370,Lib5
371,Lib5
372,Lib5
373,Lib5
374,Lib5
375,Lib5
376,Lib5
377,Lib5
378,Lib5
379,Lib5
380,Lib5
381,Lib5
382,Lib5
383,Lib5
384,Lib5
385,Lib5
386,Lib5
387,Lib5
388,Lib5
389,Lib5
390,Lib5
391,Lib5
392,Lib5
393,Lib5
394,Lib5
395,Lib5
396,Lib5
397,Lib5
398,Lib3
399,Lib3
400,Lib3
401,Lib3
402,Lib3
403,Lib3
404,Lib3
405,Lib3
406,Lib3
407,Lib3
408,Lib3
409,Lib3
410,Lib3
411,Lib3
412,Lib3
413,Lib3
414,Lib3
415,Lib3
416,Lib3
417,Lib3
418,Lib3
419,Lib3
420,Lib3
421,Lib3
422,Lib3
423,Lib3
424,Lib3
425,Lib3
426,Lib3
427,Lib3
428,Lib3
429,Lib3
430,Lib3
431,Lib3
432,Lib3
433,Lib3
434,Lib3
435,Lib3
436,Lib3
437,Lib3
438,Lib3
439,Lib3
440,Lib3
441,Lib3
442,Lib3
443,Lib3
444,Lib3
445,Lib3
446,Lib3
447,Lib3
448,Lib3
449,Lib3
450,Lib3
451,Lib3
452,Lib3
453,Lib3
454,Lib3
455,Lib3
456,Lib3
457,Lib3
458,Lib3
459,Lib3
460,Lib3
461,Lib3
462,Lib3
463,Lib3
464,Lib3
465,Lib3
466,Lib3
467,Lib3
468,Lib3
469,Lib3
470,Lib3
471,Lib3
472,Lib3
473,Lib3
474,Lib3
475,Lib3
476,Lib3
477,Lib3
478,Lib3
479,Lib3
480,Lib3
481,Lib3
482,Lib3
483,Lib3
484,Lib3
485,Lib3
486,Lib5
487,Lib5
488,Lib5
489,Lib3
490,Lib3
491,Lib3
492,Lib5
493,Lib5
494,Lib5
495,Lib5
496,Lib5
497,Lib5
498,Lib5
499,Lib5
500,Lib5
501,Lib5
502,Lib5
503,Lib5
504,Lib5
505,Lib5
506,Lib5
507,Lib5
508,Lib5
509,Lib5
510,Lib5
511,Lib5
512,Lib5
513,Lib5
514,Lib5
515,Lib5
516,Lib5
517,Lib5
518,Lib5
519,Lib5
520,Lib5
521,Lib5
522,Lib5
523,Lib5
524,Lib5
525,Lib5
526,Lib5
527,Lib5
528,Lib5
529,Lib5
530,Lib5
531,Lib5
532,Lib5
533,Lib5
534,Lib5
535,Lib5
536,Lib5
537,Lib5
538,Lib5
539,Lib5
540,Lib5
541,Lib5
542,Lib5
543,Lib5
544,Lib5
545,Lib5
546,Lib5
547,Lib5
548,Lib5
549,Lib5
550,Lib5
551,Lib5
552,Lib5
553,Lib5
554,Lib5
555,Lib5
556,Lib5
557,Lib5
558,Lib5
559,Lib5
560,Lib5
561,Lib5
562,Lib5
563,Lib5
564,Lib5
565,Lib5
566,Lib5
567,Lib5
568,Lib5
569,Lib5
570,Lib5
571,Lib5
572,Lib5
573,Lib5
574,Lib5
575,Lib5
576,Lib5
577,Lib5
578,Lib5
579,Lib5
580,Lib5
581,Lib5
582,Lib5
583,Lib3
584,Lib3
585,Lib3
586,Lib3
587,Lib3
588,Lib3
589,Lib3
590,Lib3
591,Lib3
592,Lib3
593,Lib3
594,Lib3
595,Lib3
596,Lib3
597,Lib3
598,Lib3
599,Lib3
600,Lib3
601,Lib3
602,Lib3
603,Lib3
604,Lib3
605,Lib3
606,Lib3
607,Lib3
608,Lib3
609,Lib3
610,Lib3
611,Lib3
612,Lib3
613,Lib3
614,Lib3
615,Lib3
616,Lib3
617,Lib3
618,Lib3
619,Lib3
620,Lib3
621,Lib3
622,Lib3
623,Lib3
624,Lib3
625,Lib3
626,Lib3
627,Lib3
628,Lib3
629,Lib3
630,Lib3
631,Lib3
632,Lib3
633,Lib3
634,Lib3
635,Lib3
636,Lib3
637,Lib3
638,Lib3
639,Lib3
640,Lib3
641,Lib3
642,Lib3
643,Lib3
644,Lib3
645,Lib3
646,Lib3
647,Lib3
648,Lib3
649,Lib3
650,Lib3
651,Lib3
652,Lib3
653,Lib3
654,Lib3
655,Lib3
656,Lib3
657,Lib3
658,Lib3
659,Lib3
660,Lib3
661,Lib3
662,Lib3
663,Lib3
664,Lib3
665,Lib3
666,Lib3
667,Lib3
668,Lib3
669,Lib3
670,Lib3
671,Lib3
672,Lib3
673,Lib3
674,Lib3
675,Lib3
676,Lib3
677,Lib3
678,Lib3
679,Lib3
680,Lib3
681,Lib3
682,Lib3
683,Lib5
684,Lib5
685,Lib5
686,Lib5
687,Lib5
688,Lib5
689,Lib5
690,Lib5
691,Lib5
692,Lib5
693,Lib5
694,Lib5
695,Lib5
696,Lib5
697,Lib5
698,Lib5
699,Lib5
700,Lib5
701,Lib5
702,Lib5
703,Lib5
704,Lib5
705,Lib5
706,Lib5
707,Lib5
708,Lib5
709,Lib5
710,Lib5
711,Lib5
712,Lib5
713,Lib5
714,Lib5
715,Lib5
716,Lib5
717,Lib5
718,Lib5
719,Lib5
720,Lib5
721,Lib5
722,Lib5
723,Lib5
724,Lib5
725,Lib5
726,Lib5
727,Lib5
728,Lib5
729,Lib5
730,Lib5
731,Lib5
732,Lib5
733,Lib5
734,Lib5
735,Lib5
736,Lib5
737,Lib5
738,Lib5
739,Lib5
740,Lib5
741,Lib5
742,Lib5
743,Lib5
744,Lib5
745,Lib5
746,Lib5
747,Lib5
748,Lib5
749,Lib5
750,Lib5
751,Lib5
752,Lib5
753,Lib5
754,Lib5
755,Lib5
756,Lib5
757,Lib5
758,Lib5
759,Lib5
760,Lib5
761,Lib5
762,Lib5
763,Lib5
764,Lib5
765,Lib5
766,Lib5
767,Lib5
768,Lib5
769,Lib5
770,Lib5
771,Lib5
772,Lib6
773,Lib6
774,Lib6
775,Lib6
776,Lib6
777,Lib6
778,Lib6
779,Lib6
780,Lib6
781,Lib6
782,Lib6
783,Lib6
784,Lib6
785,Lib3
786,Lib3
787,Lib3
788,Lib6
789,Lib6
790,Lib6
791,Lib6
792,Lib6
793,Lib6
794,Lib6
795,Lib6
796,Lib6
797,Lib6
798,Lib6
799,Lib6
800,Lib6
801,Lib6
802,Lib6
803,Lib6
804,Lib6
805,Lib6
806,Lib6
807,Lib6
808,Lib6
809,Lib6
810,Lib6
811,Lib6
812,Lib6
813,Lib6
814,Lib6
815,Lib6
816,Lib6
817,Lib6
818,Lib6
819,Lib6
820,Lib6
821,Lib6
822,Lib6
823,Lib6
824,Lib6
825,Lib6
826,Lib6
827,Lib6
828,Lib6
829,Lib6
830,Lib6
831,Lib6
832,Lib6
833,Lib6
834,Lib6
835,Lib6
836,Lib6
837,Lib6
838,Lib6
839,Lib6
840,Lib6
841,Lib6
842,Lib6
843,Lib6
844,Lib6
845,Lib6
846,Lib6
847,Lib6
848,Lib6
849,Lib6
850,Lib6
851,Lib6
852,Lib6
853,Lib6
854,Lib6
855,Lib6
856,Lib6
857,Lib6
858,Lib6
859,Lib6
860,Lib6
861,Lib6
862,Lib6
863,Lib6
864,Lib6
865,Lib6
866,Lib6
867,Lib6
868,Lib6
869,Lib6
870,Lib6
871,Lib6
872,Lib6
873,Lib6
874,Lib6
875,Lib6
876,Lib6
877,Lib6
878,Lib6
879,Lib3
880,Lib3
881,Lib3
882,Lib3
883,Lib3
884,Lib3
885,Lib3
886,Lib3
887,Lib3
888,Lib3
889,Lib3
890,Lib3
891,Lib3
892,Lib3
893,Lib3
894,Lib3
895,Lib3
896,Lib3
897,Lib3
898,Lib3
899,Lib3
900,Lib3
901,Lib3
902,Lib3
903,Lib3
904,Lib3
905,Lib3
906,Lib3
907,Lib3
908,Lib3
909,Lib3
910,Lib3
911,Lib3
912,Lib3
913,Lib3
914,Lib3
915,Lib3
916,Lib3
917,Lib3
918,Lib3
919,Lib3
920,Lib3
921,Lib3
922,Lib3
923,Lib3
924,Lib3
925,Lib3
926,Lib3
927,Lib3
928,Lib3
929,Lib3
930,Lib3
931,Lib3
932,Lib3
933,Lib3
934,Lib3
935,Lib3
936,Lib3
937,Lib3
938,Lib3
939,Lib3
940,Lib3
941,Lib3
942,Lib3
943,Lib3
944,Lib3
945,Lib3
946,Lib3
947,Lib3
948,Lib3
949,Lib3
950,Lib3
951,Lib3
952,Lib3
953,Lib3
954,Lib3
955,Lib3
956,Lib3
957,Lib3
958,Lib3
959,Lib3
960,Lib3
961,Lib3
962,Lib3
963,Lib3
964,Lib3
965,Lib3
966,Lib3
967,Lib3
968,Lib3
969,Lib3
970,Lib3
971,Lib3
972,Lib3
973,Lib3
974,Lib3
975,Lib3
976,Lib3
977,Lib3
978,Lib3
979,Lib6
980,Lib6
981,Lib6
982,Lib6
983,Lib6
984,Lib6
985,Lib6
986,Lib6
987,Lib6
988,Lib6
989,Lib6
990,Lib6
991,Lib6
992,Lib6
993,Lib6
994,Lib6
995,Lib6
996,Lib6
997,Lib6
998,Lib6
999,Lib6
1000,Lib6
1001,Lib6
1002,Lib6
1003,Lib6
1004,Lib6
1005,Lib6
1006,Lib6
1007,Lib6
1008,Lib6
1009,Lib6
1010,Lib6
1011,Lib6
1012,Lib6
1013,Lib6
1014,Lib6
1015,Lib6
1016,Lib6
1017,Lib6
1018,Lib6
1019,Lib6
1020,Lib6
1021,Lib6
1022,Lib6
1023,Lib6
1024,Lib6
1025,Lib6
1026,Lib6
1027,Lib6
1028,Lib6
1029,Lib6
1030,Lib6
1031,Lib6
1032,Lib6
1033,Lib6
1034,Lib6
1035,Lib6
1036,Lib6
1037,Lib6
1038,Lib6
1039,Lib6
1040,Lib6
1041,Lib6
1042,Lib6
1043,Lib6
1044,Lib6
1045,Lib6
1046,Lib6
1047,Lib6
1048,Lib6
1049,Lib6
1050,Lib6
1051,Lib6
1052,Lib6
1053,Lib6
1054,Lib6
1055,Lib6
1056,Lib6
1057,Lib6
1058,Lib6
1059,Lib6
1060,Lib6
1061,Lib6
1062,Lib6
1063,Lib6
1064,Lib6
1065,Lib6
1066,Lib6
1067,Lib6
1068,Lib6
1069,Lib6
1070,Lib6
1071,Lib6
1072,Lib6
1073,Lib6
1074,Lib6
1075,Lib6
1076,Lib6
1077,Lib6
1078,Lib6
1079,Lib6
1080,Lib6
1081,Lib6
1082,Lib3
1083,Lib3
1084,Lib3
1085,Lib6
1086,Lib6
1087,Lib6
1088,Lib6
1089,Lib6
1090,Lib6
1091,Lib6
1092,Lib6
1093,Lib6
1094,Lib6
1095,Lib6
1096,Lib6
1097,Lib6
1098,Lib6
1099,Lib6
1100,Lib6
1101,Lib6
1102,Lib6
1103,Lib6
1104,Lib6
1105,Lib6
1106,Lib6
1107,Lib6
1108,Lib6
1109,Lib6
1110,Lib6
1111,Lib6
1112,Lib6
1113,Lib6
1114,Lib6
1115,Lib6
1116,Lib6
1117,Lib6
1118,Lib6
1119,Lib6
1120,Lib6
1121,Lib6
1122,Lib6
1123,Lib6
1124,Lib6
1125,Lib6
1126,Lib6
1127,Lib6
1128,Lib6
1129,Lib6
1130,Lib6
1131,Lib6
1132,Lib6
1133,Lib6
1134,Lib6
1135,Lib6
1136,Lib6
1137,Lib6
1138,Lib6
1139,Lib6
1140,Lib6
1141,Lib6
1142,Lib6
1143,Lib6
1144,Lib6
1145,Lib6
1146,Lib6
1147,Lib6
1148,Lib6
1149,Lib6
1150,Lib6
1151,Lib6
1152,Lib6
1153,Lib6
1154,Lib6
1155,Lib6
1156,Lib6
1157,Lib6
1158,Lib6
1159,Lib6
1160,Lib6
1161,Lib6
1162,Lib6
1163,Lib6
1164,Lib6
1165,Lib6
1166,Lib6
1167,Lib6
1168,Lib6
1169,Lib6
1170,Lib6
1171,Lib6
1172,Lib6
1173,Lib6
1174,Lib6
1175,Lib6
1176,Lib3
1177,Lib3
1178,Lib3
1179,Lib3
1180,Lib3
1181,Lib3
1182,Lib3
1183,Lib3
1184,Lib3
1185,Lib3
1186,Lib3
1187,Lib3
1188,Lib3
1189,Lib3
1190,Lib3
1191,Lib3
1192,Lib3
1193,Lib3
1194,Lib3
1195,Lib3
1196,Lib3
1197,Lib3
1198,Lib3
1199,Lib3
1200,Lib3
1201,Lib3
1202,Lib3
1203,Lib3
1204,Lib3
1205,Lib3
1206,Lib3
1207,Lib3
1208,Lib3
1209,Lib3
1210,Lib3
1211,Lib3
1212,Lib3
1213,Lib3
1214,Lib3
1215,Lib3
1216,Lib3
1217,Lib3
1218,Lib3
1219,Lib3
1220,Lib3
1221,Lib3
1222,Lib3
1223,Lib3
1224,Lib3
1225,Lib3
1226,Lib3
1227,Lib3
1228,Lib3
1229,Lib3
1230,Lib3
1231,Lib3
1232,Lib3
1233,Lib3
1234,Lib3
1235,Lib3
1236,Lib3
1237,Lib3
1238,Lib3
1239,Lib3
1240,Lib3
1241,Lib3
1242,Lib3
1243,Lib3
1244,Lib3
1245,Lib3
1246,Lib3
1247,Lib3
1248,Lib3
1249,Lib3
1250,Lib3
1251,Lib3
1252,Lib3
1253,Lib3
1254,Lib3
1255,Lib3
1256,Lib3
1257,Lib3
1258,Lib3
1259,Lib3
1260,Lib3
1261,Lib3
1262,Lib3
1263,Lib3
1264,Lib3
1265,Lib3
1266,Lib3
1267,Lib3
1268,Lib3
1269,Lib3
1270,Lib3
1271,Lib3
1272,Lib3
1273,Lib3
1274,Lib3
1275,Lib3
1276,Lib6
1277,Lib6
1278,Lib6
1279,Lib6
1280,Lib6
1281,Lib6
1282,Lib6
1283,Lib6
1284,Lib6
1285,Lib6
1286,Lib6
1287,Lib6
1288,Lib6
1289,Lib6
1290,Lib6
1291,Lib6
1292,Lib6
1293,Lib6
1294,Lib6
1295,Lib6
1296,Lib6
1297,Lib6
1298,Lib6
1299,Lib6
1300,Lib6
1301,Lib6
1302,Lib6
1303,Lib6
1304,Lib6
1305,Lib6
1306,Lib6
1307,Lib6
1308,Lib6
1309,Lib6
1310,Lib6
1311,Lib6
1312,Lib6
1313,Lib6
1314,Lib6
1315,Lib6
1316,Lib6
1317,Lib6
1318,Lib6
1319,Lib6
1320,Lib6
1321,Lib6
1322,Lib6
1323,Lib6
1324,Lib6
1325,Lib6
1326,Lib6
1327,Lib6
1328,Lib6
1329,Lib6
1330,Lib6
1331,Lib6
1332,Lib6
1333,Lib6
1334,Lib6
1335,Lib6
1336,Lib6
1337,Lib6
1338,Lib6
1339,Lib6
1340,Lib6
1341,Lib6
1342,Lib6
1343,Lib6
1344,Lib6
1345,Lib6
1346,Lib6
1347,Lib6
1348,Lib6
1349,Lib6
1350,Lib6
1351,Lib6
1352,Lib6
1353,Lib6
1354,Lib6
1355,Lib6
1356,Lib6
1357,Lib6
1358,Lib6
1359,Lib6
1360,Lib6
1361,Lib6
1362,Lib6
1363,Lib6
1364,Lib6
1365,Lib6
1366,Lib6
1367,Lib6
1368,Lib6
1369,Lib6
1370,Lib6
1371,Lib6
1372,Lib6
1373,Lib6
1374,Lib6
1375,Lib6
1376,Lib7
1377,Lib7
1378,Lib7
1379,Lib3
1380,Lib3
1381,Lib3
1382,Lib7
1383,Lib7
1384,Lib7
1385,Lib7
1386,Lib7
1387,Lib7
1388,Lib7
1389,Lib7
1390,Lib7
1391,Lib7
1392,Lib7
1393,Lib7
1394,Lib7
1395,Lib7
1396,Lib7
1397,Lib7
1398,Lib7
1399,Lib7
1400,Lib7
1401,Lib7
1402,Lib7
1403,Lib7
1404,Lib7
1405,Lib7
1406,Lib7
1407,Lib7
1408,Lib7
1409,Lib7
1410,Lib7
1411,Lib7
1412,Lib7
1413,Lib7
1414,Lib7
1415,Lib7
1416,Lib7
1417,Lib7
1418,Lib7
1419,Lib7
1420,Lib7
1421,Lib7
1422,Lib7
1423,Lib7
1424,Lib7
1425,Lib7
1426,Lib7
1427,Lib7
1428,Lib7
1429,Lib7
1430,Lib7
1431,Lib7
1432,Lib7
1433,Lib7
1434,Lib7
1435,Lib7
1436,Lib7
1437,Lib7
1438,Lib7
1439,Lib7
1440,Lib7
1441,Lib7
1442,Lib7
1443,Lib7
1444,Lib7
1445,Lib7
1446,Lib7
1447,Lib7
1448,Lib7
1449,Lib7
1450,Lib7
1451,Lib7
1452,Lib7
1453,Lib7
1454,Lib7
1455,Lib7
1456,Lib7
1457,Lib7
1458,Lib7
1459,Lib7
1460,Lib7
1461,Lib7
1462,Lib7
1463,Lib7
1464,Lib7
1465,Lib7
1466,Lib7
1467,Lib7
1468,Lib7
1469,Lib7
1470,Lib7
1471,Lib7
1472,Lib7
1473,Lib3
1474,Lib3
1475,Lib3
1476,Lib3
1477,Lib3
1478,Lib3
1479,Lib3
1480,Lib3
1481,Lib3
1482,Lib3
1483,Lib3
1484,Lib3
1485,Lib3
1486,Lib3
1487,Lib3
1488,Lib3
1489,Lib3
1490,Lib3
1491,Lib3
1492,Lib3
1493,Lib3
1494,Lib3
1495,Lib3
1496,Lib3
1497,Lib3
1498,Lib3
1499,Lib3
1500,Lib3
1501,Lib3
1502,Lib3
1503,Lib3
1504,Lib3
1505,Lib3
1506,Lib3
1507,Lib3
1508,Lib3
1509,Lib3
1510,Lib3
1511,Lib3
1512,Lib3
1513,Lib3
1514,Lib3
1515,Lib3
1516,Lib3
1517,Lib3
1518,Lib3
1519,Lib3
1520,Lib3
1521,Lib3
1522,Lib3
1523,Lib7
1524,Lib7
1525,Lib7
1526,Lib3
1527,Lib3
1528,Lib3
1529,Lib7
1530,Lib7
1531,Lib7
1532,Lib7
1533,Lib7
1534,Lib7
1535,Lib7
1536,Lib7
1537,Lib7
1538,Lib7
1539,Lib7
1540,Lib7
1541,Lib7
1542,Lib8
1543,Lib8
1544,Lib8
1545,Lib8
1546,Lib8
1547,Lib8
1548,Lib8
1549,Lib8
1550,Lib8
1551,Lib8
1552,Lib8
1553,Lib8
1554,Lib8
1555,Lib8
1556,Lib8
1557,Lib8
1558,Lib8
1559,Lib8
1560,Lib8
1561,Lib8
1562,Lib8
1563,Lib8
1564,Lib8
1565,Lib8
1566,Lib8
1567,Lib8
1568,Lib8
1569,Lib8
1570,Lib8
1571,Lib8
1572,Lib8
1573,Lib8
1574,Lib8
1575,Lib8
1576,Lib8
1577,Lib8
1578,Lib8
1579,Lib8
1580,Lib8
1581,Lib8
1582,Lib8
1583,Lib8
1584,Lib8
1585,Lib8
1586,Lib8
1587,Lib8
1588,Lib8
1589,Lib8
1590,Lib8
1591,Lib8
1592,Lib8
1593,Lib8
1594,Lib8
1595,Lib8
1596,Lib8
1597,Lib8
1598,Lib8
1599,Lib8
1600,Lib8
1601,Lib8
1602,Lib8
1603,Lib8
1604,Lib8
1605,Lib8
1606,Lib8
1607,Lib8
1608,Lib8
1609,Lib8
1610,Lib8
1611,Lib8
1612,Lib8
1613,Lib8
1614,Lib8
1615,Lib8
1616,Lib8
1617,Lib8
1618,Lib8
1619,Lib8
1620,Lib3
1621,Lib3
1622,Lib3
1623,Lib3
1624,Lib3
1625,Lib3
1626,Lib3
1627,Lib3
1628,Lib3
1629,Lib3
1630,Lib3
1631,Lib3
1632,Lib3
1633,Lib3
1634,Lib3
1635,Lib3
1636,Lib3
1637,Lib3
1638,Lib3
1639,Lib3
1640,Lib3
1641,Lib3
1642,Lib3
1643,Lib3
1644,Lib3
1645,Lib3
1646,Lib3
1647,Lib3
1648,Lib3
1649,Lib3
1650,Lib3
1651,Lib3
1652,Lib3
1653,Lib3
1654,Lib3
1655,Lib3
1656,Lib3
1657,Lib3
1658,Lib3
1659,Lib3
1660,Lib3
1661,Lib3
1662,Lib3
1663,Lib3
1664,Lib3
1665,Lib3
1666,Lib3
1667,Lib3
1668,Lib3
1669,Lib3
1670,Lib3
1671,Lib3
1672,Lib3
1673,Lib3
1674,Lib3
1675,Lib3
1676,Lib3
1677,Lib3
1678,Lib3
1679,Lib3
1680,Lib3
1681,Lib3
1682,Lib3
1683,Lib3
1684,Lib3
1685,Lib3
1686,Lib3
1687,Lib3
1688,Lib3
1689,Lib3
1690,Lib3
1691,Lib3
1692,Lib3
1693,Lib3
1694,Lib3
1695,Lib3
1696,Lib3
1697,Lib3
1698,Lib3
1699,Lib3
1700,Lib3
1701,Lib3
1702,Lib3
1703,Lib3
1704,Lib3
1705,Lib3
1706,Lib3
1707,Lib3
1708,Lib3
1709,Lib3
1710,Lib3
1711,Lib3
1712,Lib3
1713,Lib3
1714,Lib3
1715,Lib3
1716,Lib3
1717,Lib3
1718,Lib3
1719,Lib3
1720,Lib8
1721,Lib8
1722,Lib8
1723,Lib8
1724,Lib8
1725,Lib8
1726,Lib8
1727,Lib8
1728,Lib8
1729,Lib8
1730,Lib8
1731,Lib8
1732,Lib8
1733,Lib8
1734,Lib8
1735,Lib8
1736,Lib8
1737,Lib8
1738,Lib8
1739,Lib8
1740,Lib8
1741,Lib8
1742,Lib8
1743,Lib8
1744,Lib8
1745,Lib8
1746,Lib8
1747,Lib8
1748,Lib8
1749,Lib8
1750,Lib8
1751,Lib8
1752,Lib8
1753,Lib8
1754,Lib8
1755,Lib8
1756,Lib8
1757,Lib8
1758,Lib8
1759,Lib8
1760,Lib8
1761,Lib8
1762,Lib8
1763,Lib8
1764,Lib8
1765,Lib8
1766,Lib8
1767,Lib8
1768,Lib8
1769,Lib8
1770,Lib8
1771,Lib8
1772,Lib8
1773,Lib8
1774,Lib8
1775,Lib8
1776,Lib8
1777,Lib8
1778,Lib8
1779,Lib8
1780,Lib8
1781,Lib8
1782,Lib8
1783,Lib8
1784,Lib8
1785,Lib8
1786,Lib8
1787,Lib8
1788,Lib8
1789,Lib8
1790,Lib8
1791,Lib8
1792,Lib8
1793,Lib8
1794,Lib8
1795,Lib8
1796,Lib8
1797,Lib8
1798,Lib8
1799,Lib8
1800,Lib8
1801,Lib8
1802,Lib8
1803,Lib8
1804,Lib8
1805,Lib8
1806,Lib8
1807,Lib8
1808,Lib8
1809,Lib8
1810,Lib8
1811,Lib8
1812,Lib8
1813,Lib8
1814,Lib8
1815,Lib8
1816,Lib8
1817,Lib8
1818,Lib8
1819,Lib8
1820,Lib8
1821,Lib8
1822,Lib8
1823,Lib8
1824,Lib8
1825,Lib8
1826,Lib8
1827,Lib8
1828,Lib8
1829,Lib8
1830,Lib8
1831,Lib8
1832,Lib8
1833,Lib8
1834,Lib8
1835,Lib8
1836,Lib8
1837,Lib8
1838,Lib8
1839,Lib8
1840,Lib8
1841,Lib8
1842,Lib8
1843,Lib8
1844,Lib8
1845,Lib8
1846,Lib8
1847,Lib8
1848,Lib8
1849,Lib8
1850,Lib8
1851,Lib8
1852,Lib8
1853,Lib8
1854,Lib8
1855,Lib8
1856,Lib8
1857,Lib8
1858,Lib8
1859,Lib8
1860,Lib8
1861,Lib8
1862,Lib8
1863,Lib8
1864,Lib8
1865,Lib8
1866,Lib8
1867,Lib8
1868,Lib8
1869,Lib8
1870,Lib8
1871,Lib8
1872,Lib8
1873,Lib8
1874,Lib8
1875,Lib8
1876,Lib8